{
    "accuracy": 0.7017543859649122,
    "precision": 0.7169533682691577,
    "recall": 0.7017543859649122,
    "f1": 0.7003764498185902
}