{
    "accuracy": 0.8047945205479452,
    "precision": 0.8042186003101204,
    "recall": 0.8047945205479452,
    "f1": 0.7923900900714393
}