{
    "accuracy": 0.6593406593406593,
    "precision": 0.6532904425506466,
    "recall": 0.6593406593406593,
    "f1": 0.642600854114131
}