{
    "accuracy": 0.6444444444444445,
    "precision": 0.6186984938903097,
    "recall": 0.6444444444444445,
    "f1": 0.6019959012741691
}