{
    "accuracy": 0.6666666666666666,
    "precision": 0.6541798941798943,
    "recall": 0.6666666666666666,
    "f1": 0.6572102270860034
}