{
    "accuracy": 0.7120622568093385,
    "precision": 0.6947017471101733,
    "recall": 0.7120622568093385,
    "f1": 0.6989180547874707
}