{
    "accuracy": 0.5,
    "precision": 0.8359375,
    "recall": 0.5,
    "f1": 0.5858585858585859
}