{
    "accuracy": 0.7127659574468085,
    "precision": 0.7208593836027064,
    "recall": 0.7127659574468085,
    "f1": 0.7057960381511372
}