{
    "rmse": 4.378463681917116,
    "mae": 3.182654619216919,
    "r2": 0.5842874050140381
}