{
    "rmse": 0.5005192146976377,
    "mae": 0.3863689601421356,
    "r2": 0.4973398447036743
}