{
    "rmse": 3.9687653789072113,
    "mae": 2.834894895553589,
    "r2": 0.4943086504936218
}