{
    "rmse": 2.1044441518589787,
    "mae": 1.6274659633636475,
    "r2": 0.8665556311607361
}