{
    "rmse": 4.687944518311058,
    "mae": 3.0080971717834473,
    "r2": 0.6062371134757996
}