{
    "rmse": 3.8980986728852574,
    "mae": 2.7810540199279785,
    "r2": 0.7465552687644958
}