{
    "rmse": 4.53471967779182,
    "mae": 3.32312273979187,
    "r2": 0.6474521160125732
}