{
    "rmse": 4.155459450705777,
    "mae": 2.865760326385498,
    "r2": 0.5805472135543823
}