{
    "rmse": 3.675168901571481,
    "mae": 2.7938644886016846,
    "r2": 0.7092726230621338
}