{
    "rmse": 0.5657099949746605,
    "mae": 0.4060744643211365,
    "r2": 0.40260183811187744
}